aamc_code,category_or_skill_summary,section,pdf_pages,topic_ids,source_url,mapping_status
1A,Proteins and amino acids,B/B,"27,28,29",stereochemistry; electrophoresis; amino-acids; proteins; vitamins-cofactors; enzyme-catalysis; enzyme-kinetics; immune-lymph,https://students-residents.aamc.org/media/9261/download,Category coverage reviewed; per-question mapping still required
1B,Gene-to-protein information transfer,B/B,"29,30,31",electrophoresis; nucleic-acids; dna-replication; transcription; translation; gene-regulation; biotechnology; cell-cycle,https://students-residents.aamc.org/media/9261/download,Category coverage reviewed; per-question mapping still required
1C,Inheritance and genetic diversity,B/B,"31,32,33",dna-replication; inheritance; linkage-meiosis; evolution,https://students-residents.aamc.org/media/9261/download,Category coverage reviewed; per-question mapping still required
1D,Bioenergetics and metabolism,B/B,"33,34,35",thermodynamics; equilibrium-chem; redox; stereochemistry; carbohydrates; lipids; bioenergetics; glycolysis; gluconeogenesis-ppp; glycogen; tca; oxphos; fat-protein-metabolism; metabolic-integration,https://students-residents.aamc.org/media/9261/download,Category coverage reviewed; per-question mapping still required
2A,"Cells, membranes, organelles, and tissues",B/B,"36,37,38",lipids; membrane-structure; membrane-transport; organelles-trafficking; cytoskeleton-tissues; cell-signaling,https://students-residents.aamc.org/media/9261/download,Category coverage reviewed; per-question mapping still required
2B,Prokaryotes and viruses,B/B,"38,39",bacteria; viruses,https://students-residents.aamc.org/media/9261/download,Category coverage reviewed; per-question mapping still required
2C,Cell division and development,B/B,"39,40,41",gene-regulation; linkage-meiosis; cell-cycle; development; reproduction,https://students-residents.aamc.org/media/9261/download,Category coverage reviewed; per-question mapping still required
3A,Nervous and endocrine coordination,B/B,"42,43,44",electrochemistry; lipids; neural-signaling; nervous-system; cell-signaling; endocrine,https://students-residents.aamc.org/media/9261/download,Category coverage reviewed; per-question mapping still required
3B,Organ systems and integration,B/B,"44,45,46,47,48,49,50",cardiovascular; respiratory; immune-lymph; digestion; renal; reproduction; muscle; skeleton; skin,https://students-residents.aamc.org/media/9261/download,Category coverage reviewed; per-question mapping still required
4A,"Motion, forces, work, and energy",C/P,"59,60",kinematics; forces; equilibrium; work-energy; periodic-motion,https://students-residents.aamc.org/media/9261/download,Category coverage reviewed; per-question mapping still required
4B,Fluids and gases,C/P,"60,61",fluid-statics; fluid-flow; gases; cardiovascular; respiratory,https://students-residents.aamc.org/media/9261/download,Category coverage reviewed; per-question mapping still required
4C,Electricity and electrochemistry,C/P,"61,62,63",electrostatics; resistors; capacitors; magnetism; electrochemistry; redox; neural-signaling,https://students-residents.aamc.org/media/9261/download,Category coverage reviewed; per-question mapping still required
4D,"Light, sound, and spectroscopy",C/P,"63,64",periodic-motion; sound; light-waves; geometric-optics; spectroscopy,https://students-residents.aamc.org/media/9261/download,Category coverage reviewed; per-question mapping still required
4E,Atomic and chemical foundations,C/P,"65,66",atomic-nuclear; electronic-structure; periodic-table; stoichiometry; concentration; redox; mass-spectrometry,https://students-residents.aamc.org/media/9261/download,Category coverage reviewed; per-question mapping still required
5A,"Water, solutions, and acid-base chemistry",C/P,"67,68",concentration; acid-base; buffers-titrations; solubility,https://students-residents.aamc.org/media/9261/download,Category coverage reviewed; per-question mapping still required
5B,Bonding and molecular interactions,C/P,"68,69",bonding-geometry; intermolecular; stereochemistry,https://students-residents.aamc.org/media/9261/download,Category coverage reviewed; per-question mapping still required
5C,Separation and purification,C/P,69,extraction-distillation; chromatography; electrophoresis,https://students-residents.aamc.org/media/9261/download,Category coverage reviewed; per-question mapping still required
5D,Biological molecules and organic reactions,C/P,"70,71,72,73",stereochemistry; carbonyls; enolates; alcohols; acid-derivatives; aromatics; amino-acids; proteins; carbohydrates; lipids; nucleic-acids; vitamins-cofactors,https://students-residents.aamc.org/media/9261/download,Category coverage reviewed; per-question mapping still required
5E,Thermodynamics and kinetics,C/P,"73,74,75",heat; thermodynamics; equilibrium-chem; kinetics-chem; redox; vitamins-cofactors; enzyme-catalysis; enzyme-kinetics; bioenergetics,https://students-residents.aamc.org/media/9261/download,Category coverage reviewed; per-question mapping still required
6A,Sensation and perception,P/S,"83,84",sensation; vision-hearing; other-senses,https://students-residents.aamc.org/media/9261/download,Category coverage reviewed; per-question mapping still required
6B,Cognition and consciousness,P/S,"84,85,86",attention-thinking; cognitive-development; consciousness; memory; language,https://students-residents.aamc.org/media/9261/download,Category coverage reviewed; per-question mapping still required
6C,Emotion and stress,P/S,"86,87",emotion; stress,https://students-residents.aamc.org/media/9261/download,Category coverage reviewed; per-question mapping still required
7A,Individual influences on behavior,P/S,"88,89,90",neural-signaling; nervous-system; endocrine; cognitive-development; personality; disorders; motivation; attitudes,https://students-residents.aamc.org/media/9261/download,Category coverage reviewed; per-question mapping still required
7B,Social processes and behavior,P/S,91,groups-norms,https://students-residents.aamc.org/media/9261/download,Category coverage reviewed; per-question mapping still required
7C,Learning and behavior change,P/S,"91,92",conditioning; learning-modeling; attitudes,https://students-residents.aamc.org/media/9261/download,Category coverage reviewed; per-question mapping still required
8A,Self and identity,P/S,93,identity,https://students-residents.aamc.org/media/9261/download,Category coverage reviewed; per-question mapping still required
8B,Social thinking,P/S,94,attribution; prejudice-discrimination,https://students-residents.aamc.org/media/9261/download,Category coverage reviewed; per-question mapping still required
8C,Social interaction,P/S,"94,95,96",prejudice-discrimination; groups-norms; roles-communication; relationships-animal,https://students-residents.aamc.org/media/9261/download,Category coverage reviewed; per-question mapping still required
9A,Social structure and culture,P/S,"97,98",social-theories; institutions; culture,https://students-residents.aamc.org/media/9261/download,Category coverage reviewed; per-question mapping still required
9B,Demographics and social change,P/S,"98,99",demographics; social-change,https://students-residents.aamc.org/media/9261/download,Category coverage reviewed; per-question mapping still required
10A,Social inequality,P/S,"100,101",inequality; health-disparities,https://students-residents.aamc.org/media/9261/download,Category coverage reviewed; per-question mapping still required
CARS-FC,Foundations of Comprehension,CARS,"105,106",cars-main-idea; cars-context; cars-structure; cars-inference,https://students-residents.aamc.org/media/9261/download,Category coverage reviewed; per-question mapping still required
CARS-RWT,Reasoning Within the Text,CARS,"106,107,108",cars-main-idea; cars-context; cars-structure; cars-inference; cars-evaluation,https://students-residents.aamc.org/media/9261/download,Category coverage reviewed; per-question mapping still required
CARS-RBT,Reasoning Beyond the Text,CARS,"108,109,110",cars-application; cars-new-information,https://students-residents.aamc.org/media/9261/download,Category coverage reviewed; per-question mapping still required
S1,Knowledge of scientific concepts and principles,Across science sections,"5,6,7",quantitative-tools,https://students-residents.aamc.org/media/9261/download,Category coverage reviewed; per-question mapping still required
S2,Scientific reasoning and problem-solving,Across science sections,"7,8,9,10",quantitative-tools,https://students-residents.aamc.org/media/9261/download,Category coverage reviewed; per-question mapping still required
S3,Reasoning about the design and execution of research,Across science sections,"10,11,12,13",experimental-design; research-ethics,https://students-residents.aamc.org/media/9261/download,Category coverage reviewed; per-question mapping still required
S4,Data-based and statistical reasoning,Across science sections,"13,14,15,16,17",data-interpretation; statistics,https://students-residents.aamc.org/media/9261/download,Category coverage reviewed; per-question mapping still required
MATH,Mathematical preparation,Across science sections,"20,53,78",statistics; quantitative-tools,https://students-residents.aamc.org/media/9261/download,Category coverage reviewed; per-question mapping still required
