topic_id,group,topic,section_filters,aamc_candidate_codes,selectable_subtopics,coverage_concepts
kinematics,"Motion, forces, and energy",Motion and vectors,C/P,4A,Units and dimensions; Vectors; Velocity and acceleration; Motion graphs,"Units and dimensions; Scalar and vector quantities; Vector components and addition; Position, displacement, and distance; Average and instantaneous velocity; Acceleration and motion graphs"
forces,"Motion, forces, and energy",Forces and Newton's laws,C/P,4A,Newton's laws; Free-body diagrams; Friction; Center of mass,Inertia and Newton's laws; Free-body diagrams; Static and kinetic friction; Net force and acceleration; Center of mass
equilibrium,"Motion, forces, and energy","Equilibrium, torque, and levers",C/P,4A,Force balance; Torque balance; Levers and mechanical advantage,Force balance; Torque and lever arms; Rotational equilibrium; Mechanical advantage
work-energy,"Motion, forces, and energy","Work, energy, and power",C/P,4A,Work and kinetic energy; Potential energy; Energy conservation; Power,Work by constant forces; Kinetic energy and work-energy relationship; Gravitational and spring potential energy; Conservative forces; Energy conservation; Power
periodic-motion,"Motion, forces, and energy",Periodic motion and wave basics,C/P,4A; 4D,Periodic motion; Wave types; Wave quantities,"Amplitude, frequency, and phase; Wavelength and wave speed; Transverse and longitudinal waves"
fluid-statics,"Fluids, gases, and heat",Fluid pressure and buoyancy,C/P,4B,Density; Pressure; Buoyancy; Surface tension,Density and specific gravity; Hydrostatic pressure; Pascal's principle; Buoyancy and Archimedes' principle; Surface tension
fluid-flow,"Fluids, gases, and heat",Fluid flow and viscosity,C/P,4B,Continuity and flow rate; Viscosity and Poiseuille flow; Bernoulli and pressure-flow relationships; Turbulence,Continuity and flow rate; Poiseuille flow and resistance; Viscosity; Bernoulli's equation; Venturi and Pitot measurements; Turbulent versus laminar flow; Pressure and flow in blood vessels
gases,"Fluids, gases, and heat",Gas laws and molecular behavior,C/P,4B,Ideal gas relationships; Kinetic molecular theory; Partial pressures; Real gases,"Kelvin temperature; Gas pressure and barometers; Ideal gas law; Boyle, Charles, and Avogadro relationships; Molar volume; Kinetic molecular theory and Boltzmann constant; Partial pressure and Dalton's law; Real gases and van der Waals model; Heat capacities at constant pressure and volume"
heat,"Fluids, gases, and heat","Heat, temperature, and phase changes",C/P,5E,Temperature and calorimetry; Heat transfer; Phase changes and diagrams; Thermal expansion,"Zeroth law and temperature; Specific heat and calorimetry; Conduction, convection, and radiation; Thermal expansion; Fusion and vaporization; Pressure-temperature phase diagrams"
thermodynamics,"Fluids, gases, and heat",Thermodynamic laws and reaction energy,B/B; C/P,5E; 1D,Thermodynamic systems and laws; Enthalpy and Hess's law; Entropy; Gibbs energy and spontaneity; Pressure-volume work,Systems and state functions; First-law energy accounting; Pressure-volume work and diagrams; Entropy and the second law; Enthalpy and reaction heats; Hess's law; Bond dissociation energy; Gibbs energy and spontaneity; Free energy and equilibrium constants
electrostatics,"Electricity, magnetism, and electrochemistry","Charge, fields, and electric potential",C/P,4C,Charge and Coulomb forces; Electric fields; Electric potential and energy,Charge conservation; Conductors and insulators; Coulomb forces; Electric fields and field lines; Electric potential; Electric potential energy
resistors,"Electricity, magnetism, and electrochemistry","Current, resistance, and circuits",C/P,4C,Current and voltage; Resistance and resistivity; Resistor networks; Circuit meters; Electrical power,Current and voltage; Ohm's law; Series and parallel resistors; Resistivity and geometry; Metallic and electrolytic conductivity; Circuit meters and loading; Electrical power
capacitors,"Electricity, magnetism, and electrochemistry",Capacitance and stored energy,C/P,4C,Capacitance and dielectrics; Stored charge and energy; Capacitor networks; Discharge-model interpretation,Parallel-plate capacitance; Charge-voltage relationship; Capacitor energy; Series and parallel capacitors; Dielectrics; Interpreting a supplied discharge model
magnetism,"Electricity, magnetism, and electrochemistry",Magnetic fields and charged-particle motion,C/P,4C,Magnetic fields; Magnetic force; Charged-particle trajectories,Magnetic field direction; Lorentz force; Motion of charges in magnetic fields
electrochemistry,"Electricity, magnetism, and electrochemistry",Electrochemical cells and electrolysis,B/B; C/P,4C; 3A,Galvanic cells; Electrolytic cells and Faraday's law; Cell potentials; Concentration cells and Nernst relations; Batteries,"Galvanic and electrolytic cells; Anodes, cathodes, and electron flow; Reduction potentials and cell voltage; Concentration cells and Nernst relationships; Faraday's law and electrolysis; Battery chemistry; Lead-storage and nickel-cadmium batteries"
sound,"Sound, light, and optics",Sound and ultrasound,C/P,4D,Sound propagation; Intensity and decibels; Doppler effect; Resonance; Ultrasound and attenuation,"Sound production and propagation; Speed in solids, liquids, and gases; Pitch and frequency; Intensity and decibels; Attenuation; Doppler shifts; Resonance in pipes and strings; Ultrasound; Shock waves"
light-waves,"Sound, light, and optics",Light waves and electromagnetic radiation,C/P,4D,Electromagnetic spectrum and photon energy; Interference and diffraction; Polarization; Color and wavelength,"Electromagnetic spectrum; Field and propagation directions; Frequency, wavelength, and photon energy; Color; Interference and double slits; Diffraction and gratings; Thin films; X-ray diffraction; Linear and circular polarization"
geometric-optics,"Sound, light, and optics","Reflection, refraction, lenses, and mirrors",C/P,4D,Reflection and refraction; Total internal reflection; Mirrors and lenses; Images and diopters; Optical instruments,Reflection; Snell's law; Dispersion; Total internal reflection; Spherical mirrors; Real and virtual images; Converging and diverging lenses; Lens and mirror equations; Diopters; Combined lenses; Aberrations; Optical instruments and the eye
atomic-nuclear,Atoms and chemical foundations,Atomic nuclei and radioactivity,C/P,4E,Atomic composition and isotopes; Nuclear stability; Decay modes; Half-life and decay graphs,"Protons, neutrons, atomic number, and mass; Isotopes; Nuclear forces and binding energy; Alpha, beta, and gamma decay; Half-life; Exponential decay and semilog graphs"
electronic-structure,Atoms and chemical foundations,Electron structure and atomic spectra,C/P,4E,Orbitals and electron configurations; Excitation and spectra; Quantum principles; Photoelectric effect,"Hydrogen orbitals, principal quantum number, and orbital occupancy; Electron configurations; Pauli exclusion; Ground and excited states; Absorption and emission spectra; Bohr model; Paramagnetism and diamagnetism; Effective nuclear charge; Uncertainty principle; Photoelectric effect"
periodic-table,Atoms and chemical foundations,Periodic trends and element families,C/P,4E,Element families; Atomic and ionic sizes; Ionization and electron affinity; Electronegativity,"Valence electrons; Atomic and ionic radii; Ionization energies; Electron affinity; Electronegativity; Alkali and alkaline-earth elements; Halogens, noble gases, and oxygen family; Transition and representative elements; Metals and nonmetals"
stoichiometry,Atoms and chemical foundations,"Moles, formulas, and reaction quantities",C/P,4E,Moles and composition; Formulas and equations; Limiting reagents; Reaction yields,Mole concept and Avogadro number; Molar mass; Empirical and molecular formulas; Percent composition; Chemical units and density; Balancing reactions; Limiting reagents; Theoretical and actual yield
bonding-geometry,Bonding and molecular properties,"Bonding, resonance, and molecular geometry",C/P,5B,Lewis structures and formal charge; Resonance; Bond polarity; Hybridization and geometry; Bond properties,"Lewis structures; Formal charge; Resonance and delocalization; Lewis acids and bases; Covalent and partial ionic character; Bond polarity and dipoles; Sigma and pi bonds; Hybridization; VSEPR geometry; Bond length, energy, and rigidity"
intermolecular,Bonding and molecular properties,Intermolecular forces and physical properties,C/P,5B,Hydrogen bonding; Dipole and dispersion forces; Structure-property relationships,Hydrogen bonding; Dipole interactions; London dispersion; Molecular shape and polarity; Solubility and relative physical properties
concentration,Solutions and acid-base chemistry,"Concentration, ions, and aqueous solutions",C/P,5A; 4E,Concentration and dilution; Aqueous ions and hydration; Water ionization,Molarity and concentration units; Dilution and mixtures; Familiar ions and charges; Hydration and hydronium; Water ionization and Kw
acid-base,Solutions and acid-base chemistry,"Acids, bases, and pH",C/P,5A,Acid-base definitions; Strong acids and bases; Weak-acid and weak-base equilibria; pH and salt hydrolysis,"Bronsted-Lowry acids and bases; Conjugate pairs; Strong and weak acids and bases; Ka, Kb, pKa, and pKb; pH and pOH; Salt hydrolysis; Weak-acid and weak-base equilibria"
buffers-titrations,Solutions and acid-base chemistry,Buffers and titration curves,C/P,5A,Buffers; Acid-base titration curves; Indicators and endpoints; Redox titrations,Buffer composition and capacity; Buffer equilibria; Henderson-Hasselbalch reasoning; Acid-base titration curves; Equivalence and half-equivalence; Indicators; Neutralization; Redox titrations
solubility,Solutions and acid-base chemistry,Solubility and precipitation,C/P,5A,Solubility products; Common-ion effects; pH and complex-ion effects; Precipitation,Solubility product Ksp; Common-ion effect; pH effects on solubility; Complex ions; Precipitation and separation
equilibrium-chem,Reaction equilibria and rates,Chemical equilibrium,B/B; C/P,5E; 1D,Equilibrium constants; Reaction quotients and shifts; Free energy and equilibrium,Mass action; Equilibrium constants and reaction quotients; Le Chatelier shifts; Concentration and equilibrium; Equilibrium and standard free energy
kinetics-chem,Reaction equilibria and rates,Reaction kinetics and mechanisms,C/P,5E,Rate laws; Mechanisms and rate-limiting steps; Activation energy and Arrhenius behavior; Catalysts; Kinetic versus thermodynamic control,Rate laws and rate constants; Reaction order; Rate-determining steps; Activation energy; Transition states; Reaction-energy diagrams; Arrhenius behavior; Catalysis; Kinetic versus thermodynamic control
redox,Reaction equilibria and rates,Oxidation-reduction chemistry,B/B; C/P,4C; 4E; 5E; 1D,Oxidation states and agents; Half-reactions and redox balancing; Disproportionation; Biological electron carriers,Oxidation numbers; Half-reactions; Balancing redox reactions; Oxidizing and reducing agents; Disproportionation; Biological electron carriers and flavoproteins
stereochemistry,Organic structures and reactions,Isomers and stereochemistry,B/B; C/P,5B; 1A; 1D; 5D,Structural and conformational isomers; Enantiomers and diastereomers; R-S and E-Z assignment; Optical rotation; Enantiomeric excess and resolution,Structural and stereoisomers; Enantiomers and diastereomers; Conformations; R and S assignment; E and Z assignment; Cis-trans relationships; Optical rotation; Racemic mixtures and enantiomeric enrichment
carbonyls,Organic structures and reactions,"Aldehydes, ketones, and carbonyl reactions",C/P,5D,Carbonyl structures and properties; Nucleophilic addition; Carbonyl reduction and oxidation; Acetal and imine chemistry,Carbonyl naming and properties; Nucleophilic addition; Acetals and hemiacetals; Imines and enamines; Hydride reduction; Cyanohydrins; Aldehyde oxidation; Substituent and steric effects
enolates,Organic structures and reactions,"Enols, enolates, and aldol reactions",C/P,5D,Enolate formation and acidity; Tautomerism and racemization; Aldol reactions; Enolate selectivity,Alpha-hydrogen acidity; Enolate formation; Keto-enol tautomerism; Alpha-racemization; Aldol and retro-aldol reactions; Kinetic and thermodynamic enolates
alcohols,Organic structures and reactions,Alcohol reactions and substitution,C/P,5D,Alcohol properties; Oxidation; SN1 and SN2 reactions; Protection and leaving-group activation,Alcohol naming and properties; Acidity and hydrogen bonding; Alcohol oxidation; SN1 and SN2 pathways; Alcohol protection; Mesylates and tosylates
acid-derivatives,Organic structures and reactions,Carboxylic acids and their derivatives,C/P,5D,Carboxylic-acid chemistry; Acyl substitution; Esters and amides; Derivative reactivity; Reduction and decarboxylation,"Carboxylic-acid properties; Acyl substitution; Ester, amide, lactone, lactam, and anhydride formation; Reduction; Decarboxylation; Alpha-position reactions; Transesterification; Amide hydrolysis; Relative acyl reactivity; Steric, electronic, and ring-strain effects"
aromatics,Organic structures and reactions,Phenols and biological aromatic compounds,C/P,5D,Phenols and redox; Biological aromatic rings; Aromatic heterocycles,Phenol properties and redox; Hydroquinones and ubiquinones; Biological heterocycles; Polycyclic biological aromatic structures
extraction-distillation,Laboratory analysis and separations,Extraction and distillation,C/P,5C,Liquid-liquid extraction; Acid-base extraction; Distillation,Solute partitioning; Immiscible solvents; Acid-base extraction; Distillation and volatility
chromatography,Laboratory analysis and separations,Chromatography,C/P,5C,Chromatographic principles; TLC and paper chromatography; GC and HPLC; Protein chromatography; Chiral separation,"Stationary and mobile phases; Retention and separation; Column chromatography; Gas chromatography; HPLC; Paper chromatography; TLC and Rf; Chiral separations; Size-exclusion, ion-exchange, and affinity chromatography"
electrophoresis,Laboratory analysis and separations,Electrophoresis and protein analysis,B/B; C/P,1A; 1B; 5C,DNA gels; SDS-PAGE and native PAGE; Charge and isoelectric focusing; Quantitative protein analysis,DNA and protein gels; Charge and size effects; Denaturing and native protein analysis; Isoelectric point and focusing; Quantitative protein analysis
spectroscopy,Laboratory analysis and separations,"IR, UV-visible, and NMR spectroscopy",C/P,4D,IR spectroscopy; UV-visible and absorbance measurements; Proton NMR,IR functional-group signatures and fingerprint region; Vibrational and rotational transitions; UV electronic transitions and conjugation; Visible absorption and complementary color; Absorption changes with structure; Absorbance-based concentration measurements; Proton NMR equivalence and splitting; Protons in a magnetic field
mass-spectrometry,Laboratory analysis and separations,Mass spectrometry,C/P,4E,Mass-to-charge interpretation; Isotope and molecular-ion patterns; Fragmentation; Instrument principles,Mass-to-charge ratio; Ion motion in a mass spectrometer; Isotope patterns; Molecular mass and fragmentation
amino-acids,Biomolecules and proteins,Amino acids and peptides,B/B; C/P,1A; 5D,Side chains and classification; Acid-base behavior and pI; Peptide and disulfide bonds; Amino-acid stereochemistry; Amino-acid synthesis,Side-chain structures and classification; Absolute configuration; Zwitterions; Acid-base behavior and isoelectric point; Peptide bonds and hydrolysis; Cysteine and disulfides; Strecker and Gabriel amino-acid synthesis
proteins,Biomolecules and proteins,"Protein structure, folding, and function",B/B; C/P,1A; 5D,Levels of protein structure; Folding and stability; Denaturation; Nonenzymatic protein functions,Primary through quaternary structure; Proline and cystine effects; Hydrophobic interactions; Solvation and entropy; Folding and denaturation; Binding proteins; Immune proteins; Motor proteins
carbohydrates,Biomolecules and proteins,Carbohydrate structure and chemistry,B/B; C/P,1D; 5D,"Sugar structures and stereochemistry; Cyclic sugars, anomers, and epimers; Glycosidic bonds; Disaccharides and polysaccharides","Sugar naming and classification; Absolute configuration; Cyclic hexoses and conformations; Epimers and anomers; Glycosidic bonds and hydrolysis; Mono-, di-, and polysaccharides; Sugar tautomerism"
lipids,Biomolecules and proteins,Lipid structure and function,B/B; C/P,5D; 1D; 2A; 3A,Fatty acids and storage lipids; Membrane lipids; Steroids and lipid signals; Lipid reactions,"Fatty acids and triacylglycerols; Saponification; Phospholipids and phosphatids; Sphingolipids; Waxes; Steroids; Terpenes and terpenoids; Prostaglandins; Storage, membrane, and signaling roles"
nucleic-acids,Biomolecules and proteins,Nucleotide and nucleic-acid structure,B/B; C/P,1B; 5D,Nucleotides and nucleosides; DNA and RNA structure; Base pairing and hybridization; Other nucleotide functions,"Nucleotides versus nucleosides; Purines and pyrimidines; Sugar-phosphate backbone; Base pairing; DNA double helix; RNA structure; DNA melting, reannealing, and hybridization; Nucleotide chemistry and other cellular roles"
vitamins-cofactors,Biomolecules and proteins,"Vitamins, cofactors, and coenzymes",B/B; C/P,1A; 5D; 5E,Water-soluble vitamins; Fat-soluble vitamins; Cofactors and coenzymes,Water-soluble vitamins in catalysis; Fat-soluble vitamins; Cofactors versus coenzymes; Electron-carrier cofactors
enzyme-catalysis,Enzymes and regulation,Enzyme mechanisms and catalysis,B/B; C/P,1A; 5E,Catalytic principles; Specificity and active-site models; Enzyme reaction classes; Effects of conditions,"Enzyme reaction classes; Substrate specificity; Active-site and induced-fit models; Activation-energy reduction; Effects of pH, temperature, and local conditions"
enzyme-kinetics,Enzymes and regulation,"Enzyme kinetics, inhibition, and regulation",B/B; C/P,1A; 5E,Michaelis-Menten and Km-Vmax; Enzyme inhibition; Cooperativity and allostery; Covalent regulation and zymogens,"Michaelis-Menten relationships; Km and Vmax; Cooperativity; Competitive, noncompetitive, mixed, and uncompetitive inhibition; Allostery; Covalent regulation; Zymogens; Feedback regulation"
bioenergetics,Metabolism and bioenergetics,"ATP, coupling, and biological energy",B/B; C/P,1D; 5E,ATP and phosphoryl transfer; Reaction coupling; Biological redox; Cellular energy accounting,ATP hydrolysis and group transfer; Coupled reactions; Cellular redox and carriers; Energetic yields and energy accounting
glycolysis,Metabolism and bioenergetics,Glycolysis and fermentation,B/B,1D,Glycolytic pathway and energy; Glycolytic regulation; Fermentation; Feeder pathways,"Glycolytic substrates, products, and energy yield; Regulatory steps; Glycogen and starch feeder pathways; Fermentation; Aerobic versus anaerobic consequences"
gluconeogenesis-ppp,Metabolism and bioenergetics,Gluconeogenesis and pentose phosphate pathway,B/B,1D,Gluconeogenesis; Pentose phosphate pathway; Reciprocal pathway control,Gluconeogenic substrates and bypasses; Reciprocal pathway regulation; Pentose phosphate products; NADPH and ribose production
glycogen,Metabolism and bioenergetics,Glycogen synthesis and breakdown,B/B,1D,Glycogen synthesis; Glycogen breakdown; Hormonal and allosteric control,Glycogen structure and turnover; Allosteric control; Hormonal control; Liver versus muscle roles
tca,Metabolism and bioenergetics,Pyruvate oxidation and citric acid cycle,B/B,1D,Pyruvate oxidation; Citric acid cycle reactions; Cycle regulation; Carbon and energy accounting,Acetyl-CoA production; Cycle reactions and intermediates; Carbon and electron-carrier accounting; Regulation
oxphos,Metabolism and bioenergetics,Electron transport and oxidative phosphorylation,B/B,1D,Electron transport; Chemiosmosis and ATP synthase; Inhibitors and uncoupling; Regulation and energy yield; Oxidative stress,"Mitochondrial electron transport; NADH, NADPH, flavoproteins, and cytochromes; Proton-motive force; ATP synthase and chemiosmosis; Respiratory energy yield; Regulation; Uncoupling and inhibitor reasoning; Oxidative stress and apoptosis"
fat-protein-metabolism,Metabolism and bioenergetics,Lipid and amino-acid metabolism,B/B,1D,Fat mobilization and transport; Beta-oxidation; Ketone metabolism; Lipid synthesis; Amino-acid and nitrogen metabolism,"Fat digestion, mobilization, and transport; Saturated and unsaturated fatty-acid oxidation; Ketone bodies; Fat synthesis; Protein and amino-acid catabolism; Nitrogen handling; Nontemplate lipid and polysaccharide synthesis"
metabolic-integration,Metabolism and bioenergetics,Metabolic regulation and tissue integration,B/B,1D,Metabolic steady states and control; Fed-fast regulation; Tissue-specific metabolism; Hormonal fuel control; Body-mass regulation,Dynamic steady states; Metabolic control; Fed and fasting states; Tissue-specific metabolism; Hormonal fuel regulation; Body-mass regulation and obesity
dna-replication,"DNA, RNA, and gene expression","DNA replication, repair, and mutation",B/B,1B; 1C,DNA replication; Proofreading and repair; DNA mutations; Mutagens and consequences; DNA versus RNA-protein errors,"Semiconservative replication; Replication enzymes; Origins and strand synthesis; Replication of chromosome ends; Replication proofreading and repair; Mutation repair; Substitution, inversion, insertion, and deletion; Mutagens, carcinogens, and metabolic consequences; Translocations and base mispairing; DNA-sequence mutations versus transient transcription and translation errors; Germline versus somatic inheritance"
transcription,"DNA, RNA, and gene expression",Transcription and RNA processing,B/B,1B,Transcription; RNA types; RNA processing and splicing; Catalytic and regulatory RNA,RNA types; Transcription machinery; Eukaryotic introns and exons; Splicing and spliceosomes; snRNA and snRNPs; Ribozymes; Functional and evolutionary roles of introns
translation,"DNA, RNA, and gene expression",Genetic code and translation,B/B,1B,Genetic code and reading frames; Ribosomes and translation; Start-stop and wobble; Protein processing,Codons and anticodons; Start and stop signals; Code degeneracy and wobble; Missense and nonsense changes; Reading frames; Ribosomes and RNA roles; Translation initiation and termination; Post-translational modifications
gene-regulation,"DNA, RNA, and gene expression",Chromatin and gene regulation,B/B,1B; 2C,Chromosome and chromatin organization; Bacterial operons; Eukaryotic transcription control; Epigenetic and RNA regulation; Gene amplification,Chromosome proteins and supercoiling; Single-copy and repetitive DNA; Telomeres and centromeres; Heterochromatin and euchromatin; Bacterial operons and positive/negative control; Transcription factors; Gene amplification and duplication; Post-transcriptional control; Methylation and chromatin regulation; Noncoding RNAs
biotechnology,"DNA, RNA, and gene expression",Biotechnology and gene-function experiments,B/B,1B,Cloning and libraries; PCR and sequencing; Blots and hybridization; Expression and gene-function studies; Applications and ethics,"Cloning and restriction enzymes; DNA and cDNA libraries; Expressing cloned genes; PCR; Hybridization and Southern blotting; DNA sequencing; Gene-expression analysis; Gene-function experiments; Stem-cell applications; Gene therapy, environmental, and agricultural applications; Biotechnology safety and ethics; Pharmaceutical applications; Forensic evidence"
inheritance,Inheritance and evolution,Mendelian and non-Mendelian inheritance,B/B,1C,Mendelian crosses and probabilities; Dominance and penetrance; Sex-linked and extranuclear inheritance; Pedigrees and testcrosses; DNA as hereditary material,"Genes, alleles, loci, genotype, and phenotype; Homozygotes and heterozygotes; Dominance, codominance, and incomplete dominance; Penetrance and expressivity; Wild type; Testcrosses and generations; Pedigrees and inheritance probabilities; Sex linkage and sex determination; Cytoplasmic inheritance; Hybrid viability; Evidence that DNA carries hereditary information"
linkage-meiosis,Inheritance and evolution,"Meiosis, linkage, and recombination",B/B,1C; 2C,Meiosis and assortment; Crossing-over and recombination; Linkage mapping; Gametogenesis,"Meiosis versus mitosis; Chromosome segregation and assortment; Synapsis, tetrads, and synaptonemal complex; Single and double crossovers; Linkage and crossover mapping; Gametogenesis and genetic diversity"
evolution,Inheritance and evolution,Population genetics and evolution,B/B,1C,Hardy-Weinberg and population frequencies; Selection and fitness; Drift and bottlenecks; Speciation and diversity,Gene pools; Hardy-Weinberg reasoning; Genetic drift and bottlenecks; Fitness and differential reproduction; Natural and group selection concepts; Speciation; Adaptation and specialization; Polymorphism; Inbreeding and outbreeding; Genome change across evolutionary time; Biometry
membrane-structure,Cell biology,Membrane structure and dynamics,B/B,2A,Membrane composition; Membrane proteins; Fluidity and membrane dynamics,Bilayer composition; Membrane proteins; Fluid mosaic model; Fluidity and membrane dynamics; Cellular compartment boundaries
membrane-transport,Cell biology,Membrane transport,B/B,2A,Passive transport; Active transport; Channels and pumps; Osmosis and tonicity; Electrochemical gradients; Endocytosis and exocytosis,"Simple diffusion; Facilitated diffusion; Primary active transport; Secondary active transport; Channels and carriers; Sodium-potassium pump; Electrochemical gradients and membrane potential; Osmosis, tonicity, and osmotic pressure; Endocytosis and exocytosis"
organelles-trafficking,Cell biology,Organelles and intracellular trafficking,B/B,2A,Nucleus and nuclear transport; Mitochondria; ER-Golgi and protein trafficking; Lysosomes and peroxisomes,"Nucleus, nucleolus, and nuclear pores; Mitochondrial membranes and replication; Lysosomes; Peroxisomes; Rough and smooth ER; Secreted-protein synthesis; Membrane biosynthesis; Golgi processing and secretion; Vesicle transport"
cytoskeleton-tissues,Cell biology,"Cytoskeleton, junctions, and tissues",B/B,2A,Cytoskeletal filaments; Cellular movement and cilia; Junctions; Tissue and extracellular-matrix organization,Actin microfilaments; Microtubules and transport; Intermediate filaments; Cilia and flagella; Centrioles and organizing centers; Gap and tight junctions; Desmosomes; Epithelial and connective tissue; Extracellular matrix and cell-matrix interactions
cell-cycle,Cell biology,"Cell cycle, mitosis, and cancer",B/B,2C; 1B,Cell-cycle phases and checkpoints; Mitosis; Cancer and growth control; Apoptosis,"G0, G1, S, G2, and M phases; Mitosis stages; Spindles, kinetochores, and chromosome movement; Nuclear breakdown and restoration; Growth arrest and checkpoints; Oncogenes and tumor suppressors; Loss of cell-cycle control; Apoptosis"
development,Cell biology,"Embryology, differentiation, and aging",B/B,2C,Early embryonic stages; Germ layers and neurulation; Differentiation and stem cells; Developmental signaling; Aging and regeneration,Fertilization and cleavage; Blastula and gastrulation; Germ-layer derivatives; Neurulation and neural crest; Cell determination and differentiation; Cell migration and developmental signaling; Gene-environment interactions; Stem cells and pluripotency; Programmed cell death; Regeneration; Senescence and aging
bacteria,Microbiology,Prokaryotes and bacterial genetics,B/B,2B,Prokaryotic structure; Growth and physiology; Bacterial gene transfer; Plasmids and antibiotic resistance,"Cell theory; Bacteria versus archaea; Prokaryotic versus eukaryotic organization; Bacterial shapes and cell walls; Flagellar propulsion and chemotaxis; Binary fission and exponential growth; Aerobic and anaerobic physiology; Parasitism and symbiosis; Antibiotic resistance; Plasmids; Transformation, conjugation, and transposons"
viruses,Microbiology,Viruses and subviral agents,B/B,2B,Viral structures; Viral life cycles; Retroviruses and transduction; Prions and viroids,"DNA and RNA genomes; Enveloped and nonenveloped structures; Bacteriophages; Relative organism sizes; Attachment, entry, replication, assembly, and release; Host dependence; Transduction; Retroviruses and reverse transcription; Prions and viroids"
neural-signaling,Organ systems and homeostasis,"Neurons, synapses, and electrical signaling",B/B; C/P; P/S,3A; 4C; 7A,Neuron and glial structure; Resting and action potentials; Synapses and neurotransmitters; Signal summation; Myelin and propagation,"Neuron structure; Dendrites, axons, and cell bodies; Myelin, Schwann cells, and nodes; Glia; Resting and action potentials; Threshold and all-or-none responses; Ion pumps; Synaptic transmission; Neurotransmitters; Excitation, inhibition, and summation"
nervous-system,Organ systems and homeostasis,Nervous-system organization and control,B/B; P/S,3A; 7A,CNS-PNS organization; Autonomic control; Reflexes; Brain regions and lateralization; Brain-study methods,"Central and peripheral systems; Sensory and motor pathways; Somatic and autonomic control; Sympathetic and parasympathetic actions; Reflex arcs and spinal integration; Forebrain, midbrain, and hindbrain; Cortical lateralization; Brain-study methods; Adaptation and integration"
cell-signaling,Organ systems and homeostasis,Receptors and signal transduction,B/B,3A; 2A,Receptor types; G protein signaling; Second messengers; Gated channels; Signal specificity,Membrane and intracellular receptors; Voltage-gated and ligand-gated channels; Receptor enzymes; G protein-coupled receptors; Second messengers; Signal specificity and downstream responses
endocrine,Organ systems and homeostasis,Hormones and endocrine regulation,B/B; P/S,3A; 7A,Glands and hormones; Hormone mechanisms; Feedback loops; Neuroendocrine integration,"Endocrine glands, locations, and products; Hormone classes; Hormone transport and target specificity; Cellular hormone action; Second-messenger regulation; Feedback loops; Neuroendocrine integration; Behavioral effects of hormones"
cardiovascular,Organ systems and homeostasis,"Heart, blood, and circulation",B/B; C/P,3B; 4B,"Heart and circulation; Vessels and hemodynamics; Blood cells, plasma, and clotting; Oxygen-carbon dioxide transport; Capillary exchange","Heart chambers and circulation; Pulmonary and systemic loops; Arteries, veins, and capillaries; Endothelium; Systolic and diastolic pressure; Peripheral resistance; Gas, solute, and heat exchange; Blood cells and plasma; Erythrocyte production and destruction; Hemoglobin, affinity, content, and hematocrit; Carbon-dioxide transport; Clotting; Plasma volume; Neural and hormonal control; Bone marrow and spleen in erythrocyte turnover"
respiratory,Organ systems and homeostasis,Breathing and gas exchange,B/B; C/P,3B; 4B,Breathing mechanics; Alveolar gas exchange; Respiratory regulation and pH; Filtration and protection,Lungs and alveoli; Diaphragm and pressure changes; Lung elasticity and surface tension; Gas partial pressures and diffusion; Henry's law; Carbon-dioxide and pH regulation; Nervous control; Filtration and mucociliary protection; Respiratory heat loss
immune-lymph,Organ systems and homeostasis,Immune and lymphatic systems,B/B,3B; 1A,Innate immunity; Adaptive immunity; Antibodies and antigen recognition; Lymphatic transport; Immune organs and self-recognition,"Innate and adaptive immunity; B and T cells; Macrophages and phagocytes; Antigens and antibodies; Antigen presentation and MHC; Clonal selection; Self versus nonself and autoimmunity; Bone marrow, spleen, thymus, and nodes; Lymph circulation; Fluid balance and lipid transport"
digestion,Organ systems and homeostasis,Digestion and nutrient absorption,B/B,3B,"Digestive anatomy; Enzymes and chemical digestion; Absorption; Liver, pancreas, and bile; Neural and hormonal control","Mouth, saliva, and esophageal transport; Stomach acidity, enzymes, and protection; Liver and glucose regulation; Detoxification; Bile and gallbladder; Pancreatic enzymes; Small-intestinal villi, enzymes, and absorption; Neutralizing stomach acid; Large intestine, microbiota, and water; Rectum and elimination; Peristalsis; Hormonal and enteric control"
renal,Organ systems and homeostasis,"Kidneys, urine, and fluid balance",B/B,3B,"Kidney and nephron anatomy; Filtration-reabsorption-secretion; Urine concentration; Fluid, pH, and pressure regulation","Kidney cortex and medulla; Nephron anatomy; Glomerular filtration; Secretion and reabsorption; Countercurrent concentration; Water and solute balance; Acid-base and blood-pressure regulation; Nitrogenous waste; Ureters, bladder, urethra, and sphincters"
reproduction,Organ systems and homeostasis,Reproductive systems and reproductive hormones,B/B,3B; 2C,"Reproductive anatomy; Gametes and fertilization; Reproductive hormones and cycles; Pregnancy, birth, and lactation","Male and female anatomy; Sperm and ova; Gametogenesis differences; Sexual development; Reproductive cycles; Fertilization, implantation, pregnancy, and birth; Lactation; Neural and endocrine control; Relative sperm and ovum contributions to offspring"
muscle,Organ systems and homeostasis,Muscle structure and contraction,B/B,3B,Muscle types and fiber structure; Sliding-filament contraction; Calcium and excitation-contraction coupling; Neuromuscular control; Muscle energy and fatigue,"Skeletal, smooth, and cardiac muscle; Sarcomeres and sliding filaments; Actin, myosin, troponin, and tropomyosin; Calcium, T-tubules, and sarcoplasmic reticulum; Muscle fiber types and contraction speeds; Red-muscle mitochondria; Neuromuscular junctions; Cardiac contraction regulation; Fatigue and oxygen debt; Voluntary and involuntary control; Autonomic control; Circulatory assistance; Thermoregulation and shivering"
skeleton,Organ systems and homeostasis,"Bones, cartilage, and joints",B/B,3B,Bone structure and remodeling; Cartilage and connective attachments; Joints and support; Calcium and endocrine control,Bone matrix and cells; Bone types and joints; Cartilage; Ligaments and tendons; Endoskeletons and exoskeletons; Calcium storage and hormonal control; Support and protection
skin,Organ systems and homeostasis,Skin and thermoregulation,B/B,3B,Skin layers and protection; Water barrier; Thermoregulation,"Skin layers and cell types; Water barrier and osmoregulation; Nails, hair, and calluses; Sweat glands, insulation, and thermoregulation; Surface-capillary vasoconstriction and vasodilation; Hormonal control of sweating and vascular responses; Protection from abrasion and disease"
sensation,Sensation and cognition,Sensory processing and psychophysics,P/S,6A,Thresholds and Weber's law; Signal detection; Sensory receptors; Sensory adaptation,Sensory thresholds; Weber's law; Signal detection; Sensory adaptation; Receptor types and pathways
vision-hearing,Sensation and cognition,Vision and hearing,P/S,6A,Visual anatomy and processing; Auditory anatomy and processing,Eye structure; Visual pathways; Parallel processing and feature detection; Ear structure; Auditory pathways; Hair-cell transduction
other-senses,Sensation and cognition,Other senses and perception,P/S,6A,Somatosensation; Taste and smell; Vestibular and kinesthetic senses; Top-down-bottom-up processing; Gestalt and perceptual organization,"Somatosensation and pain; Taste and smell; Pheromones and olfactory pathways; Kinesthetic and vestibular senses; Bottom-up and top-down processing; Depth, form, motion, and constancy; Gestalt organization"
attention-thinking,Sensation and cognition,"Attention, problem-solving, and intelligence",P/S,6B,Attention; Problem-solving; Heuristics and decision biases; Intelligence,"Selective and divided attention; Information processing; Problem-solving strategies and barriers; Heuristics and decision biases; Intelligence theories; Heredity, environment, and intellectual variation"
cognitive-development,Sensation and cognition,Cognitive and physiological development,P/S,6B; 7A,"Piaget and cognitive development; Heredity, biology, and culture; Cognitive aging; Prenatal-motor-adolescent development",Piaget stages; Cultural and hereditary influences; Cognitive aging; Prenatal development; Motor development; Adolescent physiological changes; Biological influences on cognition
consciousness,Sensation and cognition,"Consciousness, sleep, and psychoactive drugs",P/S,6B,Sleep and circadian rhythms; Dreaming and sleep disorders; Hypnosis and meditation; Psychoactive drugs; Addiction and reward,"Alertness; Sleep stages, cycles, and circadian rhythms; Dreaming; Sleep-wake disorders; Hypnosis and meditation; Psychoactive-drug classes and effects; Addiction and reward pathways"
memory,Sensation and cognition,Memory and forgetting,P/S,6B,Encoding; Storage systems; Retrieval; Forgetting and interference; Memory distortion and disorders; Plasticity and potentiation,"Encoding strategies; Sensory, working, and long-term stores; Semantic networks and spreading activation; Recall, recognition, and relearning; Retrieval cues and emotion; Decay and interference; Memory construction and source monitoring; Aging and memory disorders; Neural plasticity and long-term potentiation"
language,Sensation and cognition,Language and cognition,P/S,6B,Language development theories; Language and thought; Language brain regions,"Learning, nativist, and interactionist development theories; Language effects on cognition; Speech and language brain regions"
emotion,"Learning, motivation, and mental health",Emotion,P/S,6C,Emotion components and function; Emotion theories; Biological emotion mechanisms,"Cognitive, physiological, and behavioral emotion components; Universal and adaptive emotions; James-Lange, Cannon-Bard, and Schachter-Singer theories; Limbic and autonomic contributions; Physiological emotion markers"
stress,"Learning, motivation, and mental health",Stress and coping,P/S,6C,Stress appraisal and stressors; Stress responses; Coping,"Stress appraisal; Stressor types; Psychological consequences; Physiological, emotional, and behavioral responses; Coping and stress management"
personality,"Learning, motivation, and mental health",Personality and behavioral genetics,P/S,7A,Personality theories; Situational influences; Behavioral genetics and environment,"Psychoanalytic, humanistic, trait, social-cognitive, biological, and behaviorist perspectives; Situational explanations; Temperament and heredity; Gene-environment interactions; Adaptive behavioral variation; Regulatory genes and experience"
disorders,"Learning, motivation, and mental health",Psychological and nervous-system disorders,P/S,7A,Models and classification; Anxiety-OCD-trauma; Mood disorders; Schizophrenia and dissociation; Somatic and personality disorders; Biological nervous-system disorders,"Biomedical and biopsychosocial models; Classification and prevalence; Anxiety and obsessive-compulsive disorders; Trauma and somatic-symptom disorders; Mood disorders; Schizophrenia; Dissociative and personality disorders; Biological bases of depression, schizophrenia, Alzheimer, and Parkinson disorders; Neural regeneration and stem-cell therapy"
motivation,"Learning, motivation, and mental health",Motivation and drives,P/S,7A,Drives and arousal; Motivation theories; Biological and sociocultural motives,"Instinct, arousal, drives, and needs; Drive reduction; Incentives; Cognitive and need-based motivation; Hunger, sex, and addiction; Biological and sociocultural motives"
conditioning,"Learning, motivation, and mental health",Classical and operant conditioning,P/S,7C,Classical conditioning; Operant conditioning; Reinforcement and punishment; Reinforcement schedules; Cognitive and biological constraints,"Stimuli and responses; Acquisition, extinction, and spontaneous recovery; Generalization and discrimination; Shaping; Positive and negative reinforcement; Primary and conditioned reinforcement; Reinforcement schedules; Punishment; Escape and avoidance; Cognitive influences; Biological predispositions and instinctive drift"
learning-modeling,"Learning, motivation, and mental health",Habituation and observational learning,P/S,7C,Habituation and dishabituation; Observational learning; Modeling and biological mechanisms,Habituation and dishabituation; Modeling; Mirror-neuron concepts; Vicarious emotion; Observational-learning applications
attitudes,Self and social interaction,"Attitudes, persuasion, and behavior change",P/S,7A; 7C,Attitude components and behavior; Cognitive dissonance; Persuasion; Attitude-change theories,"Cognitive, affective, and behavioral attitude components; Attitude-behavior relationships; Foot-in-the-door and role-playing effects; Cognitive dissonance; Elaboration likelihood; Social cognitive theory; Message, source, target, and context effects"
identity,Self and social interaction,Self-concept and identity,P/S,8A,Self-concept and efficacy; Identity types; Identity development; Social influences on identity,"Self-esteem, self-efficacy, and locus of control; Racial, gender, age, sexual-orientation, and class identities; Moral, psychosexual, gender, and social identity development; Looking-glass self and role-taking; Reference groups; Culture and socialization; Ethnic identity"
attribution,Self and social interaction,Attribution and social perception,P/S,8B,Person-situation attribution; Attribution biases; Cultural and perceptual influences,Dispositional and situational attribution; Fundamental attribution error; Cultural effects on attribution; Self-perception effects; Environmental framing of perceptions
prejudice-discrimination,Self and social interaction,"Stereotypes, prejudice, and discrimination",P/S,8B; 8C,Stereotypes and stigma; Prejudice and ethnocentrism; Stereotype effects; Individual and institutional discrimination,"Stereotypes, stigma, and prejudice; Emotional and cognitive mechanisms; Ethnocentrism and cultural relativism; Self-fulfilling prophecy; Stereotype threat; Individual and institutional discrimination; Power, prestige, and class effects"
groups-norms,Self and social interaction,"Groups, norms, and social influence",P/S,7B; 8C,Group influence and performance; Conformity and obedience; Group decisions; Norms and deviance; Socialization,"Social facilitation and loafing; Deindividuation; Bystander effect; Conformity and obedience; Peer pressure and social control; Groupthink and polarization; Primary and secondary groups; In-groups and out-groups; Dyads and triads; Norms and sanctions; Folkways, mores, and taboos; Anomie and deviance theories; Collective behavior; Agents of socialization"
roles-communication,Self and social interaction,"Roles, organizations, and communication",P/S,8C,Status and roles; Groups and networks; Organizations and bureaucracy; Self-presentation; Communication,"Achieved and ascribed status; Role conflict, strain, and exit; Networks and formal organizations; Bureaucracy and oligarchy; McDonaldization; Impression management; Front-stage and back-stage behavior; Gender and cultural emotion expression; Verbal and nonverbal communication"
relationships-animal,Self and social interaction,Relationships and social behavior,P/S,8C,"Attraction and attachment; Aggression, altruism, and support; Animal communication; Foraging-mating-game theory; Inclusive fitness",Attraction; Aggression; Attachment; Altruism and support; Animal communication; Foraging; Mating and mate choice; Game-theory applications; Inclusive fitness
social-theories,"Society, demographics, and inequality",Sociological theories,P/S,9A,Functionalism and conflict; Symbolic interaction and constructionism; Exchange-rational choice; Feminist theory; Micro-macro analysis,Micro and macro perspectives; Functionalism; Conflict theory; Symbolic interactionism; Social constructionism; Exchange and rational-choice theory; Feminist theory
institutions,"Society, demographics, and inequality",Social institutions,P/S,9A,Education; Family and kinship; Religion; Government and economy; Health and medicine,"Education, hidden curriculum, expectancy, and segregation; Family and kinship; Marriage, divorce, and family violence; Religion and religious organizations; Secularization, modernization, and fundamentalism; Government, power, and authority; Economic systems and labor division; Health and medicine; Medicalization, sick role, illness experience, healthcare delivery, and social epidemiology; Comparative political systems"
culture,"Society, demographics, and inequality",Culture and cultural change,P/S,9A,Cultural elements; Cultural adjustment and diversity; Mass media; Cultural transmission and change,"Beliefs, language, rituals, symbols, and values; Material and symbolic culture; Cultural lag and shock; Assimilation and multiculturalism; Subcultures and countercultures; Mass media and popular culture; Evolution and culture; Transmission and diffusion"
demographics,"Society, demographics, and inequality",Demographics and population change,P/S,9B,"Age and life course; Gender; Race, ethnicity, and immigration; Sexual orientation; Population structure and rates; Population change models","Age cohorts and the life course; Sex and gender; Gender construction and segregation; Race, ethnicity, and racialization; Immigration and intersections; Sexual orientation; Malthusian and demographic-transition models; Population pyramids and projections; Fertility, mortality, and migration; Crude and age-specific rates; Push and pull factors; Racial formation; Total fertility rates; Social significance of aging"
social-change,"Society, demographics, and inequality","Social movements, globalization, and urbanization",P/S,9B,Social movements; Globalization; Urbanization and gentrification,"Relative deprivation; Movement organization, strategies, and tactics; Globalization drivers and perspectives; Civil unrest and terrorism as social-change contexts; Industrialization and urban growth; Suburbanization and urban decline; Gentrification and renewal"
inequality,"Society, demographics, and inequality","Social stratification, inequality, and mobility",P/S,10A,Class and stratification; Capital and social reproduction; Mobility; Poverty and exclusion; Spatial and global inequality,"Social class and socioeconomic status; Class consciousness and false consciousness; Social and cultural capital; Social reproduction; Power, privilege, and prestige; Intersectionality; Mobility across and within generations; Vertical and horizontal mobility; Meritocracy; Absolute and relative poverty; Social exclusion; Residential segregation; Neighborhood safety; Environmental justice; Global inequality"
health-disparities,"Society, demographics, and inequality",Health disparities and access to care,P/S,10A,Health-outcome disparities; Healthcare access; Healthcare quality; Social determinants,"Socioeconomic gradients in health; Health-outcome disparities by class, gender, and race; Healthcare access disparities; Healthcare quality disparities; Social determinants of health"
cars-main-idea,CARS: understanding the passage,Main idea and author's position,CARS,CARS-FC; CARS-RWT,Central claim; Purpose; Author's position,Central thesis; Theme and purpose; Author's stance; Literal passage comprehension
cars-context,CARS: understanding the passage,"Meaning, tone, and rhetorical choices",CARS,CARS-FC; CARS-RWT,Meaning in context; Tone and attitude; Rhetorical meaning,Words and phrases in context; Tone and attitude; Connotations and figurative language; Recognizing how rhetoric contributes to meaning
cars-structure,CARS: understanding the passage,Passage structure and relationships,CARS,CARS-FC; CARS-RWT,Paragraph roles; Examples and concessions; Organization and relationships,Paragraph roles; Examples and concessions; Relationships among passage parts; Organization and development of ideas
cars-inference,CARS: reasoning within the text,Inference and integration,CARS,CARS-FC; CARS-RWT,Implicit claims and assumptions; Integrating distant information; Author versus quoted viewpoints,Combining information across the passage; Implicit claims and assumptions; Distinguishing author and quoted viewpoints; Interpreting relationships within the text
cars-evaluation,CARS: reasoning within the text,Argument and evidence evaluation,CARS,CARS-RWT,Evidence support; Argument credibility; Consistency and contradictions; Bias and reasoning,Support for conclusions; Soundness and credibility; Contradictions and consistency; Bias in arguments; Strength of reasoning and evidence
cars-application,CARS: reasoning beyond the text,Applying ideas to new situations,CARS,CARS-RBT,Applying a principle; Analogy; Extrapolation,Applying a principle to a new example; Analogies and relationship matching; Extrapolation and predictions consistent with the passage
cars-new-information,CARS: reasoning beyond the text,Effects of new information,CARS,CARS-RBT,Strengthen-weaken; Changed assumptions; Updating conclusions,Strengthening or weakening claims; Revising conclusions with new evidence; Changed assumptions and hypothetical scenarios
experimental-design,Research and quantitative reasoning,Experimental design and controls,B/B; C/P; P/S,S3,Variables and hypotheses; Controls and confounding; Study design and causality; Sampling and generalization; Measurement quality,"Hypotheses and testable predictions; Independent and dependent variables; Controls and confounders; Random assignment and blinding; Causal versus associational designs; Sampling and generalizability; Operational definitions; Measurement validity, reliability, accuracy, and precision"
data-interpretation,Research and quantitative reasoning,"Graphs, tables, and evidence interpretation",B/B; C/P; P/S,S4,Graphs and tables; Normalization and ratios; Readout interpretation; Evidence limits and alternatives,"Axes, units, and scales; Trends and comparisons; Normalization and ratios; Direct versus proxy readouts; Correlation versus causation; Alternative explanations; Evidence limits and replication predictions"
statistics,Research and quantitative reasoning,"Statistics, probability, and uncertainty",B/B; C/P; P/S,S4; MATH,Descriptive statistics; Probability; Measurement error; Significance and uncertainty,"Mean, median, and mode; Range and interquartile range; Standard deviation; Random and systematic error; Statistical significance; Confidence intervals; Probability, proportions, ratios, and percentages; Statistical versus substantive interpretation"
research-ethics,Research and quantitative reasoning,Research ethics and participant protection,B/B; C/P; P/S,S3,Participant protection; Scientific integrity; Biotechnology ethics,Consent and participant welfare; Privacy and confidentiality; Scientific integrity; Human and animal research ethics; Ethical limits in biotechnology
quantitative-tools,Research and quantitative reasoning,Scientific calculations and model use,B/B; C/P; P/S,MATH; S1; S2,Units and dimensions; Arithmetic and estimation; Algebra and proportionality; Logs and exponentials; Models and graph transformations,"Unit conversion and dimensional analysis; Scientific notation and estimation; Algebraic proportionalities; Logarithmic and exponential relationships; Reading linear, semilog, and log-log plots; Vector and basic trigonometric reasoning; Significant digits; Selecting and interpreting a supplied model"
